{"players":[{"name":"Hector","highscore":150,"spells":{"simple":"simple.js","complicated":"complicated.js","probar":"probar.js"}},{"name":"Jorge","highscore":150,"spells":{"simple":"simple.js","complicated":"complicated.js"}},{"name":"Lopez","highscore":0,"spells":{}},{"name":"Diego","highscore":40,"spells":{}},{"name":"Pancho","highscore":0,"spells":{}},{"name":"Javier","highscore":0,"spells":{}},{"name":"Angel","highscore":0,"spells":{}},{"name":"Paulina","highscore":0,"spells":{}},{"name":"Master of the Universe","highscore":0,"spells":{}}]}